{
  "STATUS": [
    {
      "STATUS": "S",
      "Code": 9,
      "Msg": "8 ASC(s)",
      "Description": "cgminer 4.10.0",
      "When": 1521244657
    }
  ],
  "POOLS": [
    {
      "Status": "Alive",
      "Current Block Height": 0,
      "Diff1 Shares": 6708,
      "Works": 12145679,
      "Difficulty Rejected": 0.0,
      "Stale": 0,
      "Getworks": 6138,
      "Has GBT": false,
      "Remote Failures": 0,
      "User": "ChaosMine.1x61",
      "Priority": 0,
      "Current Block Version": 2052,
      "Difficulty Stale": 0.0,
      "Get Failures": 0,
      "Bad Work": 4608,
      "Proxy Type": "",
      "Work Difficulty": 468891.54788293003,
      "Difficulty Accepted": 3263440589.6958156,
      "Stratum Active": true,
      "Discarded": 3047870,
      "Pool Rejected%": 0.0,
      "POOL": 0,
      "Rejected": 0,
      "Best Share": 12748686477,
      "Pool Stale%": 0.0,
      "Accepted": 6707,
      "Long Poll": "N",
      "Quota": 1,
      "Proxy": "",
      "Last Share Difficulty": 312594.36525529,
      "Has Stratum": true,
      "URL": "stratum+tcp://hub.miningpoolhub.com:17001",
      "Stratum URL": "hub.miningpoolhub.com",
      "Stratum Difficulty": 468891.54788293003,
      "Last Share Time": 1521244635
    }
  ],
  "id": 1,
  "DEVS": [
    {
      "Status": "Alive",
      "MHS av": 163.55000000000001,
      "ASC": 0,
      "Name": "BA1",
      "Device Elapsed": 168429,
      "TempMIN": 32.670000000000002,
      "DUTY": 60,
      "Utility": 0.29999999999999999,
      "CID": 0,
      "TempAVG": 49.329999999999998,
      "CPIDB": 0,
      "CPIDA": 0,
      "CHIP": 72,
      "ID": 0,
      "CORE": 648,
      "TempMAX": 66.670000000000002,
      "Rejected": 0,
      "Accepted": 853,
      "TEMPH": 0,
      "Enabled": "Y",
      "Hardware Errors": 114,
      "MHS 5s": 154.99000000000001,
      "PREHT": 0
    },
    {
      "Status": "Alive",
      "MHS av": 163.59999999999999,
      "ASC": 1,
      "Name": "BA1",
      "Device Elapsed": 168429,
      "TempMIN": 32.670000000000002,
      "DUTY": 60,
      "Utility": 0.29999999999999999,
      "CID": 1,
      "TempAVG": 47.329999999999998,
      "CPIDB": 0,
      "CPIDA": 0,
      "CHIP": 72,
      "ID": 1,
      "CORE": 648,
      "TempMAX": 64.670000000000002,
      "Rejected": 0,
      "Accepted": 842,
      "TEMPH": 0,
      "Enabled": "Y",
      "Hardware Errors": 114,
      "MHS 5s": 163.53999999999999,
      "PREHT": 0
    },
    {
      "Status": "Alive",
      "MHS av": 163.55000000000001,
      "ASC": 2,
      "Name": "BA1",
      "Device Elapsed": 168429,
      "TempMIN": 28.0,
      "DUTY": 60,
      "Utility": 0.28999999999999998,
      "CID": 2,
      "TempAVG": 46.670000000000002,
      "CPIDB": 0,
      "CPIDA": 0,
      "CHIP": 72,
      "ID": 2,
      "CORE": 648,
      "TempMAX": 61.329999999999998,
      "Rejected": 0,
      "Accepted": 819,
      "TEMPH": 0,
      "Enabled": "Y",
      "Hardware Errors": 114,
      "MHS 5s": 156.02000000000001,
      "PREHT": 0
    },
    {
      "Status": "Alive",
      "MHS av": 163.66,
      "ASC": 3,
      "Name": "BA1",
      "Device Elapsed": 168429,
      "TempMIN": 30.670000000000002,
      "DUTY": 60,
      "Utility": 0.29999999999999999,
      "CID": 3,
      "TempAVG": 46.0,
      "CPIDB": 0,
      "CPIDA": 0,
      "CHIP": 72,
      "ID": 3,
      "CORE": 648,
      "TempMAX": 59.329999999999998,
      "Rejected": 0,
      "Accepted": 845,
      "TEMPH": 0,
      "Enabled": "Y",
      "Hardware Errors": 114,
      "MHS 5s": 157.47999999999999,
      "PREHT": 0
    },
    {
      "Status": "Alive",
      "MHS av": 159.94,
      "ASC": 4,
      "Name": "BA1",
      "Device Elapsed": 168429,
      "TempMIN": 25.329999999999998,
      "DUTY": 60,
      "Utility": 0.28000000000000003,
      "CID": 4,
      "TempAVG": 46.0,
      "CPIDB": 0,
      "CPIDA": 0,
      "CHIP": 72,
      "ID": 4,
      "CORE": 648,
      "TempMAX": 63.329999999999998,
      "Rejected": 0,
      "Accepted": 796,
      "TEMPH": 0,
      "Enabled": "Y",
      "Hardware Errors": 114,
      "MHS 5s": 164.44,
      "PREHT": 0
    },
    {
      "Status": "Alive",
      "MHS av": 163.55000000000001,
      "ASC": 5,
      "Name": "BA1",
      "Device Elapsed": 168429,
      "TempMIN": 24.0,
      "DUTY": 60,
      "Utility": 0.32000000000000001,
      "CID": 5,
      "TempAVG": 45.329999999999998,
      "CPIDB": 0,
      "CPIDA": 0,
      "CHIP": 72,
      "ID": 5,
      "CORE": 648,
      "TempMAX": 62.0,
      "Rejected": 0,
      "Accepted": 885,
      "TEMPH": 0,
      "Enabled": "Y",
      "Hardware Errors": 114,
      "MHS 5s": 164.94999999999999,
      "PREHT": 0
    },
    {
      "Status": "Alive",
      "MHS av": 163.55000000000001,
      "ASC": 6,
      "Name": "BA1",
      "Device Elapsed": 168429,
      "TempMIN": 26.0,
      "DUTY": 60,
      "Utility": 0.29999999999999999,
      "CID": 6,
      "TempAVG": 41.329999999999998,
      "CPIDB": 0,
      "CPIDA": 0,
      "CHIP": 72,
      "ID": 6,
      "CORE": 648,
      "TempMAX": 56.0,
      "Rejected": 0,
      "Accepted": 832,
      "TEMPH": 0,
      "Enabled": "Y",
      "Hardware Errors": 114,
      "MHS 5s": 162.31999999999999,
      "PREHT": 0
    },
    {
      "Status": "Alive",
      "MHS av": 163.66999999999999,
      "ASC": 7,
      "Name": "BA1",
      "Device Elapsed": 168429,
      "TempMIN": 24.670000000000002,
      "DUTY": 60,
      "Utility": 0.29999999999999999,
      "CID": 7,
      "TempAVG": 42.0,
      "CPIDB": 0,
      "CPIDA": 0,
      "CHIP": 72,
      "ID": 7,
      "CORE": 648,
      "TempMAX": 54.0,
      "Rejected": 0,
      "Accepted": 835,
      "TEMPH": 0,
      "Enabled": "Y",
      "Hardware Errors": 114,
      "MHS 5s": 158.24000000000001,
      "PREHT": 0
    }
  ]
}